999, Patrick, Star, star.patrick@google.com
998, Eva, Vandenbroucke, evaV@microsoft.com
997, John, Coding, codingwithjohn@john.be
996, Everett Elisabeth, Boterham, everettje@love.com
995, Sinterklaas, Kapoentje, sint1@spanje.es
994, Michael, Jackson, kingofpop@aol.com
993, Britney, Spears, itsbritneybitch@yahoo.com
992, John, Travolta, jt@movies.ru
991, homer, simpson, homer@springfield.com
990, Zorro, , zorro@usa.com
989, Freddy, Mercury, fred@yahoo.com
988, jezus, Christus, sonofgod@heaven.com
987, Spongebob, Squarepants, ssquarepants@bikinibottom.com
986, jack, TheRipper, jack@gmail.com
985, Peter, Vandenbroucke, pvdb@rtt.be
984, Gert, Verhulst, gert@verhulst.be
983, Jommeke, , jommeke@zonnedorp.be
982, Marie, Curie, x@nobel.no
981, Neil, Young, neil@music.com
980, Jeanne, D'Arc, jeanne@france.fr
979, Barak, Obama, 46@usa.com
978, Lucky, Luke, luke@wildwest.com
977, Nelson, Mandela, nmandela@email.sa
976, Charles, Darwin, evolve@telegram.com
975, Riadh, Bahri, RBahri@vrt.be
974, Angus, MacGyver, FixIt@yahoo.com
973, Junior, Donald Vance, couchlover@usa.com
972, Dick, Solomon, dick@aol.com
971, Jane, Goodall, JG@yahoo.com
970, Frank, Bomans, frankb@vrt.be
969, Clement, van Sachsen-Coburg, clement@belgie.be
968, Tom, Barnaby, dciBarnaby@bbc.com
967, Ronald, McDonald, rm@aol.com
966, Joey, Gladstone, cutItOut@msn.com
965, Dimitri, Desomer, SnowFlake5489@yahoo.com
964, Dirk , Dirksen, cloudDancer45687@msn.com
963, Peter, Petersen, pepe@yahoo.com
962, Mark, Marksens, peanuts@m&m.com
